Student_ID,Course_ID,Login_Frequency,Time_Spent_Modules,Participation_Forums,Quiz_Performance_Average,Assignment_Submissions,Resource_Access_Frequency,Session_Duration_Average,Device_Type,Internet_Bandwidth,Engagement_Level,Hours_Studied,Attendance,Parental_Involvement,Access_to_Resources,Extracurricular_Activities,Sleep_Hours,Previous_Scores,Motivation_Level,Internet_Access,Tutoring_Sessions,Family_Income,Teacher_Quality,School_Type,Peer_Influence,Physical_Activity,Learning_Disabilities,Parental_Education_Level,Distance_from_Home,Gender,Exam_Score
S0001,C182,7,20.8,22,62.5,6,64,94.2,Mobile,31.7,Inactive,23,84,Low,High,No,7,73,Low,Yes,0,Low,Medium,Public,Positive,3,No,High School,Near,Male,67
S0002,C115,4,26.8,8,62.2,5,47,89.9,Laptop,29,Inactive,19,64,Low,Medium,No,8,59,Low,Yes,2,Medium,Medium,Public,Negative,4,No,College,Moderate,Female,61
S0003,C104,13,25.1,11,88.8,9,80,60.3,Mobile,5.5,Inactive,24,98,Medium,Medium,Yes,7,91,Medium,Yes,2,Medium,Medium,Public,Neutral,4,No,Postgraduate,Near,Male,74
S0004,C195,11,9.7,0,96.8,8,72,41.8,Tablet,71.1,Inactive,29,89,Low,Medium,Yes,8,98,Medium,Yes,1,Medium,Medium,Public,Negative,4,No,High School,Moderate,Male,71
S0005,C136,8,27.3,0,99.2,0,9,84.5,Tablet,9.6,Inactive,19,92,Medium,Medium,Yes,6,65,Medium,Yes,3,Medium,High,Public,Neutral,4,No,College,Near,Female,70
S0006,C132,13,18.5,46,85.2,3,41,62.2,Laptop,55.6,Inactive,19,88,Medium,Medium,Yes,8,89,Medium,Yes,3,Medium,Medium,Public,Positive,3,No,Postgraduate,Near,Male,71
S0007,C129,5,25.2,33,62.6,8,76,33.2,Laptop,96.4,Inactive,29,84,Medium,Low,Yes,7,68,Low,Yes,1,Low,Medium,Private,Neutral,2,No,High School,Moderate,Male,67
S0008,C118,7,27.4,31,45,3,96,110.1,Tablet,15.4,Inactive,25,78,Low,High,Yes,6,50,Medium,Yes,1,High,High,Public,Negative,2,No,High School,Far,Male,66
S0009,C195,10,13,47,86.6,9,35,89.1,Tablet,90,Inactive,17,94,Medium,High,No,6,80,High,Yes,0,Medium,Low,Private,Neutral,1,No,College,Near,Male,69
S0010,C114,3,7.8,24,73.5,2,13,88.3,Laptop,99.2,Inactive,23,98,Medium,Medium,Yes,8,71,Medium,Yes,0,High,High,Public,Positive,5,No,High School,Moderate,Male,72
S0011,C187,7,10.7,39,65.5,8,55,102.3,Laptop,10.8,Inactive,17,80,Low,High,No,8,88,Medium,No,4,Medium,High,Private,Neutral,4,No,College,Moderate,Male,68
S0012,C195,11,15.7,44,94.4,1,33,73,Laptop,88.9,Inactive,17,97,Medium,High,Yes,6,87,Low,Yes,2,Low,High,Private,Neutral,2,No,High School,Near,Male,71
S0013,C170,11,25.5,0,46.7,3,82,101.5,Mobile,54,Inactive,21,83,Medium,Medium,Yes,8,97,Low,Yes,2,Medium,Medium,Public,Positive,4,No,High School,Near,Male,70
S0014,C112,8,26.5,15,69.6,5,44,69.8,Laptop,91.1,Inactive,9,82,Medium,Medium,Yes,8,72,Medium,Yes,2,Medium,Medium,Private,Positive,3,No,Postgraduate,Near,Male,66
S0015,C176,5,5.2,38,40.7,1,45,26.7,Laptop,59.3,Inactive,10,78,Medium,High,Yes,8,74,Medium,Yes,1,Low,Medium,Private,Neutral,4,No,Postgraduate,Near,Male,65
S0016,C155,4,17.8,4,68.1,7,90,60.5,Mobile,67.9,Inactive,17,68,Medium,Medium,No,8,70,Medium,Yes,2,Medium,Medium,Private,Positive,4,No,High School,Near,Female,64
S0017,C105,8,15.4,21,43.4,7,15,69.7,Tablet,56.7,Inactive,14,60,Medium,Low,Yes,10,65,Low,Yes,0,High,Medium,Private,Positive,3,No,College,Near,Male,60
S0018,C104,8,10.6,28,47.1,0,27,92,Laptop,87.1,Inactive,22,70,Low,Medium,Yes,6,82,Medium,Yes,1,Low,High,Public,Neutral,3,No,High School,Near,Female,65
S0019,C112,3,8,2,47.1,2,5,30.7,Mobile,74.7,Inactive,15,80,Medium,Medium,Yes,9,91,Low,Yes,3,Low,Medium,Public,Positive,2,No,College,Moderate,Female,67
S0020,C128,6,13.4,11,79,9,50,34,Laptop,54.5,Inactive,12,75,Medium,High,Yes,7,58,Medium,Yes,3,Medium,Medium,Private,Positive,4,No,College,Near,Male,66
S0021,C130,5,28.6,25,84.8,8,25,46.4,Laptop,87.5,Inactive,29,78,Medium,Medium,No,5,99,High,Yes,0,High,Medium,Public,Negative,1,No,High School,Moderate,Female,69
S0022,C165,2,13.1,15,75,4,94,46.6,Mobile,28.3,Inactive,19,99,Medium,High,No,6,84,Medium,Yes,1,Medium,High,Public,Neutral,3,No,High School,Near,Male,72
S0023,C178,8,18,36,97.7,5,40,93.2,Tablet,19.9,Inactive,20,74,Medium,High,No,8,89,Low,Yes,1,Medium,Medium,Public,Negative,2,No,College,Moderate,Female,66
S0024,C104,12,22.6,21,62.5,3,58,45.1,Mobile,20.2,Inactive,11,78,High,Medium,Yes,8,100,High,Yes,1,Low,Medium,Public,Neutral,3,No,High School,Moderate,Male,66
S0025,C172,14,14.1,28,57.1,9,91,83.3,Laptop,36.7,Inactive,17,65,Low,High,Yes,5,75,Medium,Yes,2,Low,Medium,Public,Positive,3,No,High School,Near,Female,63
S0026,C126,6,29.3,13,92.1,1,61,69.4,Tablet,27.7,Inactive,21,62,High,Low,Yes,6,54,High,Yes,0,High,High,Public,Positive,3,No,Postgraduate,Far,Male,64
S0027,C192,2,29.1,27,53.4,7,5,77.3,Mobile,93.4,Inactive,13,91,Low,Medium,No,6,90,Medium,Yes,1,High,Medium,Public,Negative,2,Yes,High School,Moderate,Female,65
S0028,C184,12,11.3,4,97.8,5,67,103.8,Mobile,15.1,Inactive,22,83,High,High,Yes,6,94,Medium,Yes,0,High,Medium,Public,Neutral,2,No,College,Moderate,Male,71
S0029,C190,5,17.4,46,40.7,4,58,60.4,Tablet,71.4,Inactive,16,90,Medium,Medium,No,4,58,Medium,Yes,1,Low,Medium,Public,Neutral,3,No,High School,Moderate,Female,66
S0030,C170,1,12.5,48,98.2,8,59,97.1,Laptop,23,Inactive,18,66,High,High,No,4,51,Low,Yes,2,Low,Medium,Private,Neutral,2,No,College,Near,Male,64
S0031,C154,12,12.1,29,42.6,0,44,62.2,Mobile,88.8,Inactive,16,83,Low,Medium,No,6,57,Medium,Yes,0,High,Low,Public,Positive,4,Yes,High School,Near,Female,63
S0032,C129,10,5.9,45,93.5,4,19,55.4,Mobile,96.3,Inactive,31,70,Medium,High,Yes,7,66,Medium,Yes,1,High,Medium,Public,Negative,3,No,College,Near,Male,69
S0033,C158,6,20.2,4,71.7,5,25,115.9,Mobile,49.2,Inactive,20,69,Medium,Medium,Yes,8,96,Medium,Yes,2,Medium,High,Public,Positive,3,No,High School,Near,Male,67
S0034,C176,13,17.6,11,99.6,4,51,38.4,Laptop,88.5,Inactive,25,65,High,Medium,No,5,90,Medium,Yes,2,Medium,Medium,Public,Positive,3,No,College,Moderate,Female,68
S0035,C136,12,6.3,15,44.4,5,77,29,Mobile,5.5,Inactive,13,72,Low,Medium,No,6,93,Low,Yes,1,Low,Medium,Public,Negative,3,No,High School,Near,Male,61
S0036,C101,9,12,25,73.2,5,57,97.1,Tablet,82.9,Inactive,21,65,Medium,Low,Yes,7,91,Low,Yes,2,Medium,High,Public,Positive,3,No,High School,Far,Female,64
S0037,C198,1,27.7,25,98.2,6,13,26.8,Tablet,26.7,Inactive,8,99,Medium,Medium,No,9,54,Low,Yes,2,Low,Medium,Public,Neutral,5,No,Postgraduate,Near,Female,67
S0038,C121,11,11,47,71.4,3,78,103.7,Mobile,91.3,Inactive,12,72,Low,Medium,Yes,8,84,Medium,Yes,1,Low,Medium,Public,Positive,5,No,High School,Near,Female,63
S0039,C190,11,8.6,20,77.8,7,56,63.7,Mobile,5.1,Inactive,21,65,Low,Medium,Yes,6,98,Low,Yes,1,Medium,High,Public,Negative,4,No,High School,Near,Male,64
S0040,C155,10,17.2,38,81.7,6,61,111.6,Tablet,57.8,Inactive,24,68,High,Medium,No,8,56,Low,Yes,3,High,High,Public,Neutral,1,No,College,Near,Male,67
S0041,C144,12,29.6,35,67.3,8,30,92.2,Tablet,76.9,Inactive,21,84,Medium,Medium,Yes,6,52,Low,Yes,1,Medium,High,Public,Neutral,2,Yes,College,Far,Female,65
S0042,C136,12,11.1,32,77.7,6,45,81,Mobile,29.6,Inactive,19,63,Low,High,No,7,94,Medium,Yes,1,Medium,Medium,Private,Positive,3,No,High School,Moderate,Male,64
S0043,C120,14,21.8,29,75.1,2,39,114.9,Tablet,23.3,Inactive,18,94,Medium,High,Yes,7,82,Medium,Yes,3,Medium,Medium,Private,Negative,2,Yes,College,Near,Male,70
S0044,C128,14,24,36,94.1,2,67,59.7,Laptop,13,Inactive,11,98,Medium,Medium,Yes,9,82,Low,Yes,1,Medium,Medium,Private,Positive,3,No,Postgraduate,Far,Male,68
S0045,C198,14,10.9,22,42.7,7,29,115.4,Laptop,36,Inactive,16,70,Medium,Medium,Yes,8,98,Medium,Yes,2,Medium,Medium,Public,Positive,3,No,High School,Moderate,Male,65
S0046,C144,3,23.2,9,56.9,4,94,33.5,Laptop,58.2,Inactive,17,78,Medium,Medium,Yes,6,88,Medium,Yes,1,Medium,High,Private,Positive,3,No,College,Near,Female,68
S0047,C114,12,14.2,4,97,3,79,68.4,Laptop,16,Inactive,26,61,Medium,Low,Yes,6,70,Medium,Yes,2,Low,Medium,Public,Positive,3,No,High School,Moderate,Female,64
S0048,C112,7,20.8,35,93.4,7,42,47,Tablet,40.8,Inactive,22,86,Low,Medium,Yes,7,72,Low,Yes,3,Low,High,Public,Positive,2,No,High School,Moderate,Male,68
S0049,C149,4,20.8,33,67.3,5,6,74,Laptop,5.9,Inactive,9,77,Medium,Medium,No,5,57,Medium,Yes,2,Medium,High,Public,Neutral,3,No,High School,Near,Male,63
S0050,C113,9,18.4,30,77.2,1,11,36.2,Mobile,82.8,Inactive,22,71,Low,Medium,Yes,7,65,Low,Yes,1,Medium,Low,Public,Positive,4,No,College,Moderate,Male,64
S0051,C146,3,7.3,9,56.6,3,86,104.2,Mobile,17.2,Inactive,18,68,High,Medium,No,7,72,Medium,Yes,0,Medium,Medium,Public,Neutral,3,No,College,Near,Male,64
S0052,C145,5,25.9,18,51.3,3,95,104.6,Laptop,31.9,Inactive,16,86,Low,Medium,Yes,8,63,Medium,Yes,2,Medium,Medium,Public,Positive,4,No,High School,Near,Male,67
S0053,C178,3,13,31,67.8,5,38,115.5,Mobile,6.8,Inactive,24,77,High,Low,No,8,96,Medium,Yes,0,Medium,Medium,Public,Neutral,3,No,High School,Near,Female,67
S0054,C134,7,9.7,0,61.2,5,95,35.5,Laptop,46.1,Inactive,26,67,Medium,High,Yes,7,51,Low,Yes,2,High,High,Private,Neutral,4,Yes,Postgraduate,Far,Female,66
S0055,C106,5,6,4,75,0,21,82.3,Laptop,84.8,Inactive,26,88,Medium,High,Yes,5,79,Medium,Yes,1,Low,High,Private,Positive,4,No,College,Moderate,Male,72
S0056,C194,9,19.8,44,44.7,7,47,67.4,Laptop,42.3,Inactive,15,83,Medium,High,No,5,89,Low,No,1,Medium,High,Public,Neutral,2,Yes,High School,Near,Female,65
S0057,C159,7,21.9,3,98.5,5,63,54.4,Mobile,22.1,Inactive,18,94,Medium,Medium,Yes,6,87,High,Yes,1,Medium,Medium,Public,Positive,4,No,High School,Near,Male,71
S0058,C169,2,5.4,15,99.2,2,55,55.2,Mobile,76.6,Inactive,22,65,High,Low,No,8,82,Medium,Yes,2,Medium,High,Public,Positive,1,No,Postgraduate,Near,Female,66
S0059,C116,4,17.8,23,81.9,8,58,61.3,Laptop,79.9,Inactive,26,91,Medium,Low,Yes,8,71,Medium,Yes,0,Low,Medium,Private,Neutral,3,No,High School,Moderate,Male,68
S0060,C149,9,10.7,15,72.2,1,28,90.5,Laptop,21.5,Inactive,17,87,Medium,Medium,No,7,96,Medium,Yes,1,High,Medium,Public,Negative,5,No,Postgraduate,Near,Female,70
S0061,C111,12,21.1,1,58.6,7,29,79.8,Laptop,78.2,Inactive,19,65,Medium,Medium,Yes,10,66,Low,Yes,0,Low,Medium,Public,Positive,3,No,High School,Moderate,Male,62
S0062,C171,14,9.4,48,88.8,9,75,66,Laptop,95,Inactive,13,88,Low,High,Yes,9,88,High,Yes,2,Low,High,Private,Negative,4,No,Postgraduate,Far,Male,68
S0063,C138,2,22.3,27,81.1,2,56,27.6,Tablet,20.8,Inactive,13,78,Medium,High,Yes,9,96,High,Yes,2,Low,Medium,Public,Neutral,3,No,College,Moderate,Male,67
S0064,C181,10,14.7,31,49.8,4,74,27.8,Laptop,78.2,Inactive,25,98,Low,High,Yes,8,56,Medium,No,0,Medium,High,Private,Neutral,3,No,Postgraduate,Near,Male,71
S0065,C180,9,28.4,26,94.7,5,92,20.2,Mobile,72.3,Inactive,28,66,Medium,High,Yes,8,97,Medium,Yes,0,Medium,Medium,Public,Neutral,2,No,High School,Near,Male,68
S0066,C147,10,8.4,19,89.4,9,37,116.8,Laptop,50,Inactive,20,86,Medium,Medium,Yes,8,89,Medium,Yes,1,Low,Medium,Public,Negative,3,No,Postgraduate,Near,Male,69
S0067,C174,5,13.5,23,97,5,53,20.5,Tablet,10.5,Inactive,26,75,Low,High,Yes,4,81,High,Yes,3,Medium,High,Private,Positive,2,No,High School,Moderate,Male,70
S0068,C125,2,7.8,11,83.5,3,33,30.3,Mobile,12.1,Inactive,22,98,Medium,High,No,5,69,Low,No,1,Low,High,Public,Negative,4,No,High School,Moderate,Female,69
S0069,C191,4,28.1,49,76.8,2,67,51.5,Tablet,86,Inactive,16,73,Medium,Medium,No,7,95,Medium,Yes,1,Low,Medium,Public,Negative,4,No,College,Near,Male,65
S0070,C109,12,26.9,34,65.1,3,26,100.7,Laptop,99.1,Inactive,22,98,Medium,Low,Yes,7,52,Medium,No,3,Medium,Medium,Public,Positive,3,No,College,Near,Female,70
S0071,C106,12,11.4,32,96,0,30,116.2,Mobile,69.2,Inactive,29,96,Medium,Low,Yes,7,72,Medium,Yes,1,Low,Medium,Public,Positive,3,No,High School,Moderate,Male,71
S0072,C185,7,21.5,32,92,3,32,99,Laptop,47.4,Inactive,20,71,Medium,Medium,Yes,7,88,Medium,Yes,1,Low,Low,Public,Neutral,4,No,College,Near,Female,65
S0073,C130,12,25.4,42,42.7,0,89,89.1,Mobile,66.5,Inactive,29,92,Low,Medium,No,4,91,Medium,Yes,2,Medium,Medium,Public,Negative,1,No,Postgraduate,Near,Female,72
S0074,C199,13,18.9,36,41.6,0,53,72.1,Mobile,61.5,Inactive,4,100,High,High,Yes,8,60,High,Yes,0,Medium,High,Private,Positive,4,No,College,Moderate,Male,69
S0075,C138,8,18.2,11,62.6,9,75,28.7,Mobile,41.4,Inactive,25,70,Medium,Medium,No,7,52,Medium,Yes,1,Medium,Medium,Public,Positive,3,No,Postgraduate,Near,Female,66
S0076,C111,3,11,2,88.6,5,85,115.8,Tablet,11.2,Inactive,21,77,Low,Medium,Yes,7,90,Medium,Yes,4,Medium,Medium,Private,Neutral,3,No,Postgraduate,Moderate,Male,68
S0077,C130,14,7.3,0,99.2,4,88,95.8,Laptop,83,Inactive,18,81,High,Low,Yes,8,71,Medium,Yes,0,Medium,Medium,Public,Neutral,3,No,High School,Moderate,Female,65
S0078,C113,1,27.4,32,49,3,53,83.9,Tablet,40.3,Inactive,21,72,Medium,Medium,Yes,5,57,Medium,Yes,1,High,Medium,Public,Neutral,5,Yes,College,Moderate,Male,64
S0079,C149,4,27.5,39,75.6,2,24,95.9,Tablet,82.8,Inactive,8,61,Medium,Medium,Yes,7,54,Medium,Yes,1,High,Medium,Public,Positive,3,No,College,Near,Male,60
S0080,C136,2,20.8,9,62.9,0,90,92.4,Laptop,29,Inactive,19,69,Medium,High,Yes,7,82,High,Yes,1,Low,Medium,Public,Negative,2,No,High School,Near,Male,65
S0081,C159,8,13.5,42,98.2,5,96,83.7,Laptop,5.1,Inactive,22,71,High,Medium,No,6,79,High,Yes,1,Low,Low,Public,Positive,3,No,High School,Near,Male,66
S0082,C182,4,13.7,43,90.5,1,67,118.1,Laptop,20.1,Inactive,29,78,High,High,Yes,4,93,Low,Yes,5,Medium,High,Public,Neutral,3,No,College,Near,Male,74
S0083,C147,2,23.1,28,90.3,7,65,110.3,Mobile,49.5,Inactive,17,67,Medium,Medium,Yes,5,52,High,Yes,2,Medium,Medium,Private,Negative,3,No,High School,Far,Female,62
S0084,C121,14,27.4,12,68.1,9,53,84.7,Tablet,94.7,Inactive,15,95,Medium,Medium,No,7,93,Medium,Yes,2,Low,Medium,Public,Positive,4,No,College,Moderate,Male,70
S0085,C148,6,27.2,11,64.9,4,75,89.3,Tablet,14.7,Inactive,17,88,Medium,High,Yes,7,94,Low,Yes,0,Medium,Medium,Public,Neutral,3,No,High School,Near,Male,69
S0086,C146,6,24.5,30,56.4,6,5,25.2,Tablet,86.1,Inactive,25,63,Medium,High,Yes,7,72,Medium,Yes,3,Medium,High,Private,Negative,4,No,College,Far,Male,67
S0087,C127,10,21.1,45,43.4,9,17,87,Tablet,55.1,Inactive,22,86,Low,Low,No,6,54,Medium,Yes,2,Medium,Medium,Public,Neutral,0,No,High School,Moderate,Male,64
S0088,C186,4,7.1,1,91.9,1,98,24.4,Tablet,83.5,Inactive,17,86,Medium,High,No,5,97,High,Yes,3,High,Medium,Public,Neutral,3,No,College,Near,Male,71
S0089,C135,6,9,49,88.8,7,91,78.8,Mobile,33.3,Inactive,23,98,Medium,Low,Yes,7,54,Low,Yes,0,Medium,Medium,Public,Negative,3,No,College,Near,Female,68
S0090,C190,13,27.5,34,100,1,55,119.9,Laptop,84.8,Inactive,21,60,High,Medium,No,7,80,Medium,Yes,0,Medium,High,Public,Neutral,4,Yes,College,Near,Male,64
S0091,C188,2,20.2,22,99.8,3,60,75.6,Mobile,78.4,Inactive,26,70,Medium,Low,Yes,8,75,Medium,Yes,1,Medium,Low,Private,Neutral,4,Yes,High School,Far,Female,63
S0092,C183,10,5.2,16,73.3,0,87,67.3,Mobile,26.9,Inactive,16,97,Medium,Medium,Yes,6,92,Low,Yes,0,High,Medium,Private,Positive,4,No,College,Near,Male,71
S0093,C110,12,7.5,25,86.1,4,66,51.3,Mobile,17.5,Inactive,18,97,High,Medium,Yes,4,75,Low,Yes,0,Low,Medium,Public,Positive,3,No,High School,Moderate,Male,69
S0094,C178,2,21.6,7,96.7,8,36,32.1,Laptop,87.5,Inactive,18,89,High,Medium,Yes,4,73,Medium,Yes,3,High,Medium,Private,Positive,2,No,College,Near,Female,100
S0095,C182,10,5.1,28,91,0,34,93.1,Laptop,96.5,Inactive,11,91,Medium,Medium,No,6,94,Medium,Yes,3,Medium,Medium,Public,Neutral,3,No,College,Moderate,Male,68
S0096,C122,14,9,25,54.8,8,33,39.3,Tablet,8,Inactive,22,64,Low,Medium,No,7,98,Low,No,1,Medium,Medium,Public,Negative,3,No,High School,Near,Male,62
S0097,C169,4,18.7,9,67,7,53,31.5,Mobile,74.5,Inactive,22,81,Medium,Medium,Yes,7,77,Low,Yes,2,Medium,Medium,Public,Positive,3,No,Postgraduate,Far,Female,68
S0098,C194,14,22.3,25,47.7,5,49,62.2,Tablet,91.4,Inactive,20,69,High,High,Yes,6,73,Medium,Yes,2,Low,Medium,Private,Positive,3,No,High School,Far,Male,66
S0099,C132,8,21.3,33,97.2,6,97,99.5,Laptop,86.4,Inactive,19,67,Low,Medium,No,5,92,High,Yes,0,Medium,Medium,Public,Positive,3,No,College,Near,Male,64
S0100,C121,14,10.6,40,76.4,2,34,94.5,Laptop,96.6,Inactive,12,92,Medium,Medium,No,4,92,High,Yes,2,Medium,High,Public,Neutral,3,Yes,High School,Moderate,Male,67
S0101,C160,7,22.8,6,53.7,0,20,25.5,Laptop,77.2,Inactive,17,65,Medium,High,Yes,8,66,Medium,Yes,1,High,High,Public,Neutral,4,Yes,Postgraduate,Moderate,Female,65
S0102,C149,12,10.9,3,80.3,4,44,65.5,Laptop,47,Inactive,18,79,Medium,Medium,Yes,7,79,Medium,Yes,0,Low,High,Private,Neutral,3,No,College,Far,Male,65
S0103,C135,9,13.1,49,77.1,1,23,72.2,Mobile,34.6,Inactive,15,98,High,Medium,No,6,58,High,Yes,0,Low,High,Public,Positive,3,No,College,Near,Male,69
S0104,C182,14,23.7,44,61.5,4,22,84.5,Tablet,35.5,Inactive,19,67,Medium,Medium,No,5,82,High,Yes,1,Low,Low,Private,Negative,3,No,High School,Near,Male,63
S0105,C189,8,21.2,10,46.8,7,5,85,Laptop,73.8,Inactive,22,99,Medium,Low,Yes,6,92,Low,Yes,3,Medium,Medium,Public,Negative,4,No,Postgraduate,Moderate,Male,72
S0106,C172,5,26.2,28,80.3,8,82,56.5,Tablet,75.9,Inactive,31,100,Medium,Medium,No,7,59,Medium,Yes,2,High,High,Public,Positive,5,No,Postgraduate,Moderate,Male,76
S0107,C129,13,21.4,35,71.2,1,51,76.1,Laptop,24,Inactive,21,82,Medium,High,Yes,7,66,High,Yes,3,Low,Medium,Public,Positive,3,Yes,College,Near,Female,69
S0108,C188,2,19.2,24,86.3,2,70,68.1,Tablet,87.5,Inactive,22,67,Medium,Medium,Yes,7,72,High,Yes,3,Low,High,Public,Positive,2,No,Postgraduate,Moderate,Female,67
S0109,C142,5,7.3,20,71.2,2,96,108.5,Tablet,72.9,Inactive,20,73,High,Medium,Yes,9,92,Medium,Yes,2,Medium,High,Public,Positive,3,No,College,Near,Male,69
S0110,C199,8,14.2,35,91.1,0,98,73,Laptop,58.5,Inactive,8,77,High,Medium,Yes,6,87,Medium,Yes,0,Low,Medium,Public,Neutral,2,No,High School,Moderate,Male,63
S0111,C200,10,11.6,9,73.1,7,42,64.1,Laptop,49.8,Inactive,20,72,Medium,Medium,No,9,66,Medium,Yes,3,Low,High,Private,Positive,3,No,Postgraduate,Near,Male,67
S0112,C108,9,11.1,36,73.7,5,55,60.4,Tablet,56.6,Inactive,20,71,Low,High,Yes,7,62,High,Yes,2,Medium,Medium,Public,Negative,5,No,College,Near,Male,66
S0113,C130,12,29.3,8,92.6,7,67,77.2,Mobile,20.1,Inactive,35,99,High,High,Yes,7,85,Low,Yes,2,Medium,High,Private,Neutral,2,No,Postgraduate,Near,Female,79
S0114,C105,12,14.8,23,64.2,8,8,100.4,Laptop,24.4,Inactive,19,66,Medium,Medium,No,8,74,Medium,Yes,1,High,Medium,Public,Neutral,3,No,High School,Near,Female,64
S0115,C141,12,27.3,34,48,4,5,73.8,Laptop,13.7,Inactive,22,89,High,High,Yes,6,80,Medium,Yes,1,High,High,Public,Positive,3,No,High School,Near,Female,73
S0116,C152,13,20.8,48,41.7,2,12,86.2,Mobile,19.6,Inactive,20,60,Low,High,No,7,82,High,Yes,2,Low,High,Public,Positive,4,Yes,High School,Near,Male,63
S0117,C135,9,24.9,34,85.3,4,33,93.8,Mobile,48.1,Inactive,13,84,Medium,Medium,No,5,78,Medium,Yes,1,Low,High,Public,Positive,2,No,High School,Near,Male,65
S0118,C109,13,17.6,47,77.2,4,59,72,Laptop,55.4,Inactive,27,97,Low,High,Yes,8,81,Medium,Yes,0,High,Medium,Public,Positive,5,No,High School,Near,Female,73
S0119,C128,13,19.4,35,82.2,4,7,62.7,Laptop,6.7,Inactive,25,72,High,High,Yes,8,94,Low,Yes,2,Low,Medium,Private,Positive,4,No,College,Moderate,Female,70
S0120,C173,1,17.3,17,52.8,2,36,107.7,Laptop,80.7,Inactive,25,67,High,Medium,No,9,93,High,Yes,2,Low,High,Public,Positive,3,Yes,High School,Near,Female,68
S0121,C192,9,9.9,48,48.2,9,14,61.8,Laptop,32.9,Inactive,15,86,Medium,Medium,Yes,7,57,Medium,Yes,1,Medium,Medium,Public,Negative,3,No,College,Near,Male,65
S0122,C141,7,23.1,38,40.9,3,78,66.2,Tablet,91.6,Inactive,28,89,Low,High,Yes,9,79,High,Yes,0,Low,Medium,Private,Positive,1,No,College,Moderate,Female,71
S0123,C128,9,12,31,61,8,87,119,Tablet,96.9,Inactive,12,88,Low,Medium,No,6,72,Low,Yes,2,Medium,Medium,Public,Positive,2,No,College,Far,Male,64
S0124,C184,8,5.6,23,75.4,9,38,20,Tablet,22.6,Inactive,24,73,Medium,High,Yes,8,64,Medium,Yes,4,High,Medium,Private,Neutral,3,Yes,College,Moderate,Male,68
S0125,C164,1,21.1,22,63.5,8,91,38.5,Laptop,48.9,Inactive,33,70,Medium,Medium,Yes,6,82,Low,Yes,1,Low,High,Public,Neutral,4,No,College,Near,Male,69
S0126,C151,12,9.4,31,66.2,1,59,58.4,Tablet,5.1,Inactive,14,98,Medium,Medium,No,7,76,Medium,Yes,0,Medium,High,Private,Positive,4,No,College,Moderate,Female,69
S0127,C183,8,28.5,36,94.2,7,96,113.3,Laptop,61.8,Inactive,21,78,Medium,Medium,Yes,10,55,Medium,Yes,1,High,Low,Private,Positive,2,No,College,Near,Male,67
S0128,C159,8,28.8,11,60.9,7,36,27,Laptop,62.7,Inactive,17,94,Low,Medium,Yes,8,65,Low,Yes,4,Medium,Medium,Public,Neutral,6,No,High School,Far,Female,68
S0129,C119,11,27.9,48,70.8,6,54,20.9,Tablet,28.5,Inactive,11,78,Medium,High,Yes,8,51,Medium,Yes,2,Low,Medium,Public,Neutral,3,No,Postgraduate,Near,Male,64
S0130,C134,3,14.3,12,87,7,11,25.3,Laptop,58,Inactive,20,77,Medium,Medium,No,6,87,Low,Yes,0,Low,High,Public,Positive,4,No,High School,Near,Female,66
S0131,C118,1,5.4,22,63.8,2,97,28.9,Tablet,26.4,Inactive,14,66,High,Low,No,7,96,Medium,Yes,3,Low,High,Public,Negative,3,No,High School,Near,Male,63
S0132,C132,8,28.2,24,77.3,5,12,23.8,Tablet,20.3,Inactive,23,77,Medium,Medium,Yes,7,79,Medium,Yes,0,Low,High,Public,Neutral,2,No,High School,Moderate,Male,66
S0133,C196,3,15.7,34,91.7,0,69,68,Tablet,66.9,Inactive,14,81,Medium,Medium,No,9,81,Medium,Yes,1,Low,High,Private,Negative,3,No,Postgraduate,Near,Female,66
S0134,C172,3,29.2,40,97,6,61,78.1,Tablet,36,Inactive,29,61,Medium,High,Yes,7,52,Low,Yes,3,Low,Medium,Private,Positive,3,No,College,Near,Female,67
S0135,C169,1,29.1,29,48.8,0,71,47.2,Tablet,61.1,Inactive,15,78,High,High,No,9,75,Low,Yes,1,Low,Medium,Public,Negative,1,No,High School,Near,Male,65
S0136,C134,11,26.3,16,95.6,8,92,59.8,Mobile,46.2,Inactive,18,91,Low,Medium,Yes,5,76,Medium,Yes,1,Medium,Medium,Public,Neutral,3,No,High School,Near,Female,68
S0137,C196,5,12.4,48,69.5,0,91,29.2,Mobile,98.5,Inactive,25,87,Medium,Low,No,9,52,High,Yes,1,Low,High,Private,Positive,2,No,High School,Near,Male,68
S0138,C175,10,14.6,19,55.5,0,63,53.6,Mobile,19.2,Inactive,13,85,High,Medium,No,6,89,Medium,Yes,0,High,Medium,Private,Neutral,1,Yes,High School,Near,Male,65
S0139,C155,7,26.3,47,67.5,6,76,72.3,Mobile,49.1,Inactive,21,96,Medium,Medium,No,8,64,High,Yes,2,Medium,High,Public,Neutral,0,No,College,Near,Male,71
S0140,C175,10,12.9,24,98.8,1,58,93.2,Mobile,69.6,Inactive,28,61,Medium,High,No,6,86,High,Yes,1,Low,Medium,Private,Negative,3,Yes,Postgraduate,Far,Male,65
S0141,C152,9,9.2,21,69.6,4,71,20.3,Tablet,42.6,Inactive,10,82,Medium,Low,No,8,70,Medium,Yes,3,Low,High,Public,Positive,1,Yes,Postgraduate,Near,Female,64
S0142,C147,12,18.9,12,59.7,7,55,66.7,Laptop,97.6,Inactive,21,91,High,Medium,No,6,100,Medium,Yes,0,High,Medium,Private,Neutral,2,No,Postgraduate,Near,Female,72
S0143,C129,7,28.4,18,78,7,96,49.7,Laptop,73.6,Inactive,22,82,Medium,Medium,No,9,61,Medium,Yes,2,Low,Medium,Public,Negative,2,Yes,High School,Near,Female,65
S0144,C118,9,22.4,48,54.4,2,12,105.3,Tablet,67.4,Inactive,25,73,Medium,High,No,8,53,High,No,0,Low,High,Private,Negative,5,No,Postgraduate,Near,Female,66
S0145,C166,8,19.3,35,44.6,6,38,91.6,Laptop,76.9,Inactive,13,65,Low,High,No,6,99,Medium,Yes,0,Low,Medium,Private,Negative,4,No,High School,Near,Male,61
S0146,C164,12,7.4,11,47.7,2,39,78.9,Laptop,95.5,Inactive,12,96,Low,High,Yes,8,62,Medium,Yes,2,Medium,High,Public,Negative,3,No,College,Near,Female,68
S0147,C112,2,20.4,40,47.7,5,92,47.7,Mobile,91.2,Inactive,23,79,High,High,Yes,8,82,Low,Yes,3,Medium,Medium,Public,Negative,3,Yes,Postgraduate,Moderate,Female,69
S0148,C197,1,29.8,18,49.1,5,82,111,Mobile,73.8,Inactive,22,95,Medium,High,Yes,6,69,Medium,Yes,1,Low,Medium,Public,Positive,3,No,College,Near,Female,72
S0149,C107,7,8.5,11,48.3,2,36,24.5,Mobile,76.2,Inactive,22,83,Medium,High,Yes,5,82,Medium,Yes,2,Low,High,Public,Positive,3,No,Postgraduate,Near,Female,71
S0150,C115,7,18,8,78.5,6,50,30.9,Laptop,18.9,Inactive,22,87,High,High,No,5,80,Low,Yes,2,Low,High,Public,Negative,3,No,High School,Near,Female,70
S0151,C120,14,26.9,6,50.9,2,20,59.2,Mobile,14.8,Inactive,16,92,Medium,High,Yes,5,85,Low,Yes,1,Low,Medium,Public,Neutral,2,No,High School,Moderate,Male,68
S0152,C181,8,23.5,27,60.7,7,72,32.4,Tablet,59.2,Inactive,21,86,Low,Medium,Yes,5,51,Medium,Yes,2,Low,High,Public,Positive,2,No,High School,Moderate,Female,67
S0153,C121,5,22.4,13,93.8,9,41,115.6,Laptop,6.7,Inactive,22,76,Medium,Medium,Yes,8,92,Medium,Yes,1,Low,High,Public,Neutral,4,No,High School,Near,Female,68
S0154,C188,3,22.6,30,68.4,3,58,99.8,Laptop,50.8,Inactive,16,81,Medium,Medium,Yes,8,74,Medium,Yes,3,Medium,Medium,Public,Positive,2,No,Postgraduate,Near,Female,68
S0155,C155,12,14,18,80.1,0,89,45.9,Mobile,25,Inactive,31,92,Medium,Medium,Yes,4,76,Medium,Yes,2,Medium,High,Public,Positive,4,Yes,High School,Far,Male,72
S0156,C177,8,12.3,46,50.3,3,18,78.9,Tablet,37.9,Inactive,23,75,Low,High,No,6,71,Low,Yes,0,Medium,Medium,Public,Neutral,2,No,College,Near,Male,65
S0157,C109,6,25.2,15,51.5,6,99,118.2,Mobile,78.7,Inactive,13,76,Medium,High,No,5,99,Low,Yes,2,Medium,Medium,Private,Positive,4,No,High School,Near,Female,66
S0158,C150,11,25.3,4,42.5,3,59,108.4,Mobile,94.4,Inactive,24,64,Medium,Medium,Yes,8,90,High,Yes,0,Low,High,Public,Negative,3,No,High School,Near,Male,65
S0159,C149,3,26.7,34,50.1,5,52,80.1,Laptop,11.9,Inactive,14,97,Medium,Medium,Yes,6,66,Medium,Yes,2,Medium,Medium,Public,Negative,3,Yes,College,Near,Female,67
S0160,C177,1,27.8,11,56.7,8,86,110.4,Laptop,55.8,Inactive,25,64,Medium,High,No,5,89,Low,Yes,2,Medium,Medium,Public,Neutral,4,No,College,Far,Male,66
S0161,C160,3,17.8,24,50.6,0,11,118.9,Mobile,88.8,Inactive,27,86,Medium,Medium,No,7,72,Low,Yes,1,Medium,High,Public,Positive,4,No,High School,Far,Male,69
S0162,C168,5,17.5,20,45.3,4,78,94.3,Laptop,12.8,Inactive,15,77,Medium,Medium,Yes,8,94,Low,Yes,0,High,High,Public,Positive,3,No,College,Moderate,Male,66
S0163,C133,14,25,35,47.2,6,11,26.5,Laptop,83.3,Inactive,26,76,Medium,High,Yes,6,52,Medium,Yes,4,High,Low,Public,Neutral,3,No,High School,Near,Male,69
S0164,C171,3,21.2,22,67.6,0,37,60.2,Laptop,39,Inactive,22,87,High,Low,Yes,7,68,Medium,No,0,Low,Medium,Public,Neutral,2,No,High School,Near,Male,67
S0165,C102,1,22.5,15,52.4,3,27,103.8,Mobile,35.6,Inactive,25,63,High,Medium,Yes,6,71,Medium,Yes,1,Medium,Low,Private,Positive,3,No,High School,Near,Male,66
S0166,C188,5,24.9,38,61.9,5,89,43.1,Laptop,97.9,Inactive,31,84,Medium,Medium,Yes,9,87,Medium,Yes,2,Low,Medium,Private,Neutral,3,No,College,Far,Male,71
S0167,C193,10,27.3,44,70.2,1,23,103.1,Mobile,24.1,Inactive,19,91,High,Low,No,6,59,Medium,Yes,5,Medium,High,Public,Neutral,4,No,College,Moderate,Male,70
S0168,C115,7,13.4,41,81.4,9,23,32,Laptop,70.9,Inactive,15,93,High,Medium,No,6,64,Medium,Yes,2,Medium,High,Public,Positive,4,No,Postgraduate,Near,Male,71
S0169,C188,14,14.4,38,42.4,4,40,24.7,Tablet,83,Inactive,15,67,Medium,Medium,Yes,7,86,High,Yes,1,High,Medium,Private,Positive,3,No,Postgraduate,Near,Male,66
S0170,C169,7,7.3,13,88,9,33,58.4,Laptop,8.9,Inactive,15,96,Medium,Medium,No,7,54,High,No,3,Medium,High,Public,Negative,2,No,High School,Near,Male,67
S0171,C197,11,19.5,30,77.7,0,64,23.7,Mobile,68.7,Inactive,20,86,High,Low,No,8,60,Medium,Yes,1,Medium,Medium,Public,Neutral,4,Yes,College,Far,Female,66
S0172,C135,9,5.9,4,44.9,5,86,115.7,Laptop,95.4,Inactive,22,95,Medium,High,No,9,88,Low,Yes,0,Low,High,Public,Positive,2,No,Postgraduate,Near,Male,72
S0173,C199,10,16.6,34,92.4,5,6,102.6,Mobile,16.8,Inactive,22,79,Medium,Medium,No,9,94,Medium,Yes,1,Medium,Medium,Public,Positive,3,No,High School,Near,Male,68
S0174,C183,10,18.6,22,95.3,3,5,100.1,Mobile,90.1,Inactive,25,82,Medium,Medium,No,6,86,Medium,No,3,Low,High,Public,Positive,3,No,High School,Near,Female,69
S0175,C144,12,12.2,28,43.7,7,51,83,Laptop,61.5,Inactive,20,97,Medium,Medium,Yes,7,76,Low,Yes,2,Low,Low,Private,Positive,3,No,Postgraduate,Near,Male,71
S0176,C115,13,19.8,42,56.6,3,73,41.6,Mobile,63.6,Inactive,29,96,Medium,Medium,Yes,9,55,Low,No,0,Medium,Medium,Public,Neutral,2,No,Postgraduate,Far,Female,70
S0177,C138,3,5.8,10,88.4,7,24,71.8,Laptop,63.2,Inactive,18,78,Medium,Medium,No,9,91,High,Yes,2,High,Low,Public,Neutral,4,No,College,Far,Female,67
S0178,C156,7,5.9,17,84.9,7,15,79.7,Tablet,33.4,Inactive,36,71,Medium,Medium,Yes,6,56,Medium,Yes,2,High,Medium,Public,Positive,2,No,High School,Far,Male,69
S0179,C121,1,25.6,46,51.1,4,6,72.5,Mobile,93.8,Inactive,24,76,Low,High,No,8,69,Low,Yes,2,Medium,Medium,Public,Neutral,1,No,High School,Moderate,Male,65
S0180,C159,4,14,11,52.6,3,71,46,Mobile,95,Inactive,15,76,High,High,No,8,53,Medium,Yes,1,Low,Medium,Public,Neutral,4,No,College,Near,Male,65
S0181,C101,13,8.2,8,62.2,1,91,71.5,Mobile,64.4,Inactive,14,71,Medium,Medium,Yes,8,85,Low,Yes,2,Medium,High,Public,Neutral,4,No,High School,Near,Male,64
S0182,C193,4,18.1,9,69.1,2,16,69.1,Mobile,79.4,Inactive,23,71,Low,Low,Yes,9,75,Low,Yes,1,Low,Medium,Public,Negative,2,No,College,Near,Male,63
S0183,C193,14,24.2,43,77.1,2,24,119.6,Tablet,63.2,Inactive,19,94,Low,Medium,Yes,5,95,Medium,Yes,3,Low,Low,Public,Positive,2,No,High School,Moderate,Male,69
S0184,C134,5,10.4,16,62.1,3,9,109.7,Tablet,51,Inactive,24,63,Medium,Low,Yes,6,57,Medium,Yes,1,Low,High,Private,Neutral,5,No,College,Near,Female,64
S0185,C165,7,20.6,37,67.8,3,41,66.3,Laptop,67.8,Inactive,23,87,High,High,Yes,8,91,High,Yes,0,High,Medium,Private,Positive,3,No,High School,Moderate,Male,72
S0186,C198,7,7.1,6,84.8,9,42,82.3,Mobile,57.5,Inactive,20,67,Low,Medium,Yes,7,76,Medium,Yes,0,Medium,Medium,Public,Neutral,4,No,High School,Near,Male,63
S0187,C123,13,6.3,45,42.2,4,98,94.8,Mobile,61.8,Inactive,15,74,Low,High,Yes,4,68,Low,Yes,3,Low,Medium,Public,Positive,3,No,High School,Near,Female,64
S0188,C165,11,18.3,12,55.1,3,13,23.5,Tablet,79.5,Inactive,11,62,Medium,High,Yes,5,82,Medium,Yes,3,High,Medium,Private,Neutral,4,No,College,Moderate,Male,64
S0189,C114,13,18.5,39,82.8,9,57,109.5,Laptop,50.7,Inactive,17,71,Medium,Medium,Yes,8,90,Medium,Yes,5,Medium,Medium,Public,Positive,1,No,Postgraduate,Far,Male,67
S0190,C181,4,20.9,41,93.7,7,48,106,Tablet,8.9,Inactive,25,91,Medium,Medium,No,8,72,Low,Yes,2,Medium,High,Public,Positive,0,No,Postgraduate,Near,Male,71
S0191,C139,13,23.2,8,70.7,5,90,65.7,Tablet,20.6,Inactive,21,95,Medium,Medium,No,5,62,High,Yes,1,Medium,Low,Public,Positive,4,No,High School,Near,Male,70
S0192,C182,7,29.4,49,71.9,5,28,59.1,Laptop,46.7,Inactive,13,69,Medium,Low,Yes,9,96,Low,Yes,0,High,Medium,Private,Neutral,4,No,High School,Far,Female,61
S0193,C165,11,17.9,26,46.4,7,85,47.3,Mobile,73.9,Inactive,21,79,Medium,High,Yes,7,66,Low,Yes,2,Low,Medium,Public,Negative,4,No,College,Moderate,Male,67
S0194,C178,3,13.1,1,66.8,6,78,67.7,Mobile,61.4,Inactive,22,79,High,Medium,No,5,100,Medium,Yes,4,High,High,Public,Negative,3,No,College,Near,Male,72
S0195,C126,6,24.9,4,72,9,34,24.4,Tablet,66.8,Inactive,15,95,Low,Low,Yes,6,88,Low,Yes,1,Low,Medium,Public,Negative,5,No,High School,Near,Male,66
S0196,C120,12,11.8,28,54.5,9,63,105.2,Tablet,50.5,Inactive,21,91,Medium,High,Yes,5,84,Medium,Yes,1,High,Low,Public,Neutral,2,No,High School,Near,Male,70
S0197,C148,2,16,36,56.2,7,91,23.5,Tablet,63.5,Inactive,20,81,High,Medium,Yes,6,51,High,No,3,Medium,Medium,Public,Neutral,4,Yes,High School,Near,Male,67
S0198,C198,10,7,37,62.6,1,85,52.9,Laptop,36.3,Inactive,13,87,High,Low,Yes,4,72,Medium,Yes,2,Medium,High,Public,Neutral,3,No,High School,Moderate,Female,67